,player,span,Mat,Inns,NO,Runs,HS,Avg,SR,100's,50's,0's,Country
0,AB Agarkar,2007-2007,3,2,0,15,14,7.50,136.36,-,-,-,India
1,Alok Kapali,2007-2007,3,3,1,19,14,9.50,44.18,-,-,1,Bangladesh
2,RL Bhudia,2007-2007,1,1,1,11,11*,-,122.22,-,-,-,Kenya
3,JAR Blain,2007-2007,2,1,0,-,0,0.00,0.00,-,-,1,Scotland
4,DJ Bravo,2007-2007,2,2,1,2,2,2.00,100.00,-,-,-,West Indies
5,GB Brent,2007-2007,2,-,0,-,-,-,0.00,-,-,-,Zimbabwe
6,DR Brown,2007-2007,2,1,0,1,1,1.00,20.00,-,-,-,Scotland
7,S Chanderpaul,2007-2007,2,2,0,48,37,24.00,117.07,-,-,-,West Indies
8,CJ Chibhabha,2007-2007,2,2,0,20,15,10.00,90.90,-,-,-,Zimbabwe
9,E Chigumbura,2007-2007,2,2,1,12,8,12.00,150.00,-,-,-,Zimbabwe
10,KM Dabengwa,2007-2007,2,1,1,-,0*,-,0.00,-,-,-,Zimbabwe
11,JP Duminy,2007-2007,2,2,0,36,36,18.00,112.50,-,-,1,South Africa
12,FH Edwards,2007-2007,2,-,0,-,-,-,0.00,-,-,-,West Indies
13,Farhad Reza,2007-2007,3,2,0,23,19,11.50,67.64,-,-,-,Bangladesh
14,CH Gayle,2007-2007,2,2,0,117,117,58.50,195.00,1,-,1,West Indies
15,GM Hamilton,2007-2007,2,1,0,2,2,2.00,50.00,-,-,-,Scotland
16,RM Haq,2007-2007,2,1,0,14,14,14.00,45.16,-,-,-,Scotland
17,JK Kamande,2007-2007,2,2,0,18,14,9.00,78.26,-,-,-,Kenya
18,RJ Kirtley,2007-2007,1,1,1,2,2*,-,50.00,-,-,-,England
19,NFI McCallum,2007-2007,2,1,0,-,0,0.00,0.00,-,-,1,Scotland
20,H Masakadza,2007-2007,2,2,0,54,27,27.00,105.88,-,-,-,Zimbabwe
21,S Matsikenyeri,2007-2007,2,2,0,5,3,2.50,35.71,-,-,-,Zimbabwe
22,T Mishra,2007-2007,2,2,0,16,16,8.00,64.00,-,-,1,Kenya
23,T Mupariwa,2007-2007,2,-,0,-,-,-,0.00,-,-,-,Zimbabwe
24,JD Nel,2007-2007,2,1,1,13,13*,-,185.71,-,-,-,Scotland
25,AA Obanda,2007-2007,2,2,0,25,21,12.50,67.56,-,-,-,Kenya
26,CO Obuya,2007-2007,2,2,0,20,18,10.00,71.42,-,-,-,Kenya
27,DO Obuya,2007-2007,2,2,0,18,18,9.00,52.94,-,-,1,Kenya
28,NN Odhiambo,2007-2007,2,2,0,5,5,2.50,35.71,-,-,1,Kenya
29,TM Odoyo,2007-2007,2,1,0,18,18,18.00,69.23,-,-,-,Kenya
30,PJ Ongondo,2007-2007,2,2,0,3,3,1.50,42.85,-,-,1,Kenya
31,LN Onyango,2007-2007,1,1,1,4,4*,-,100.00,-,-,-,Kenya
32,MA Ouma,2007-2007,2,2,0,-,0,0.00,0.00,-,-,2,Kenya
33,NS Poonia,2007-2007,2,1,0,4,4,4.00,66.66,-,-,-,Scotland
34,DBL Powell,2007-2007,2,1,1,1,1*,-,100.00,-,-,-,West Indies
35,MJ Prior,2007-2007,3,3,0,69,32,23.00,111.29,-,-,-,England
36,D Ramdin,2007-2007,2,2,1,8,6*,8.00,114.28,-,-,-,West Indies
37,R Rampaul,2007-2007,2,-,0,-,-,-,0.00,-,-,-,West Indies
38,MN Samuels,2007-2007,2,2,0,33,27,16.50,183.33,-,-,-,West Indies
39,RR Sarwan,2007-2007,2,2,0,17,12,8.50,113.33,-,-,-,West Indies
40,V Sibanda,2007-2007,2,2,0,52,29,26.00,130.00,-,-,-,Zimbabwe
41,CJO Smith,2007-2007,2,1,0,11,11,11.00,157.14,-,-,-,Scotland
42,DR Smith,2007-2007,2,2,0,30,29,15.00,272.72,-,-,-,West Indies
43,DS Smith,2007-2007,2,2,0,86,51,43.00,100.00,-,1,-,West Indies
44,JN Snape,2007-2007,1,1,0,7,7,7.00,63.63,-,-,-,England
45,T Taibu,2007-2007,2,2,0,2,2,1.00,20.00,-,-,1,Zimbabwe
46,BRM Taylor,2007-2007,2,2,1,107,60*,107.00,127.38,-,1,-,Zimbabwe
47,SO Tikolo,2007-2007,2,2,0,4,4,2.00,66.66,-,-,1,Kenya
48,P Utseya,2007-2007,2,1,1,13,13*,-,130.00,-,-,-,Zimbabwe
49,RR Watson,2007-2007,2,1,0,2,2,2.00,50.00,-,-,-,Scotland
50,DF Watts,2007-2007,2,1,0,46,46,46.00,131.42,-,-,-,Scotland
51,CM Wright,2007-2007,2,1,0,14,14,14.00,77.77,-,-,-,Scotland
52,Abdur Razzak,2007-2007,5,4,2,7,5,3.50,36.84,-,-,1,Bangladesh
53,Aftab Ahmed,2007-2007,5,5,1,162,62*,40.50,129.60,-,1,-,Bangladesh
54,JM Anderson,2007-2007,4,1,1,-,0*,-,0.00,-,-,-,England
55,SE Bond,2007-2007,6,4,0,11,5,2.75,84.61,-,-,1,New Zealand
56,MV Boucher,2007-2007,5,3,0,88,36,29.33,94.62,-,-,-,South Africa
57,NW Bracken,2007-2007,6,1,0,4,4,4.00,133.33,-,-,-,Australia
58,SCJ Broad,2007-2007,5,3,1,5,3*,2.50,71.42,-,-,-,England
59,SR Clark,2007-2007,6,-,0,-,-,-,0.00,-,-,-,Australia
60,MJ Clarke,2007-2007,5,2,0,3,3,1.50,75.00,-,-,1,Australia
61,PD Collingwood,2007-2007,5,5,0,86,37,17.20,132.30,-,-,1,England
62,AB de Villiers,2007-2007,5,5,1,50,18,12.50,106.38,-,-,-,South Africa
63,MS Dhoni,2007-2007,7,6,1,154,45,30.80,128.33,-,-,-,India
64,TM Dilshan,2007-2007,5,4,1,65,38,21.66,122.64,-,-,-,Sri Lanka
65,Fawad Alam,2007-2007,1,-,0,-,-,-,0.00,-,-,-,Pakistan
66,CRD Fernando,2007-2007,5,2,1,-,0*,0.00,0.00,-,-,1,Sri Lanka
67,A Flintoff,2007-2007,5,5,1,70,31,17.50,132.07,-,-,-,England
68,PG Fulton,2007-2007,5,5,1,77,25,19.25,105.47,-,-,1,New Zealand
69,G Gambhir,2007-2007,7,6,0,227,75,37.83,129.71,-,3,1,India
70,HH Gibbs,2007-2007,3,3,1,110,90*,55.00,142.85,-,1,-,South Africa
71,AC Gilchrist,2007-2007,6,6,1,169,45,33.80,150.89,-,-,-,Australia
72,MR Gillespie,2007-2007,6,3,2,10,7,10.00,62.50,-,-,-,New Zealand
73,BJ Haddin,2007-2007,2,2,1,11,6,11.00,55.00,-,-,-,Australia
74,Harbhajan Singh,2007-2007,7,2,0,8,7,4.00,80.00,-,-,-,India
75,ML Hayden,2007-2007,6,6,3,265,73*,88.33,144.80,-,4,-,Australia
76,BJ Hodge,2007-2007,6,3,1,82,36,41.00,134.42,-,-,-,Australia
77,MEK Hussey,2007-2007,6,3,0,65,37,21.66,108.33,-,-,-,Australia
78,Imran Nazir,2007-2007,7,7,1,147,59,24.50,150.00,-,1,-,Pakistan
79,ST Jayasuriya,2007-2007,5,5,0,154,88,30.80,160.41,-,2,2,Sri Lanka
80,DPMD Jayawardene,2007-2007,5,5,1,159,65,39.75,152.88,-,1,-,Sri Lanka
81,Joginder Sharma,2007-2007,4,-,0,-,-,-,0.00,-,-,-,India
82,MG Johnson,2007-2007,6,3,2,14,9,14.00,200.00,-,-,-,Australia
83,Junaid Siddique,2007-2007,1,1,0,71,71,71.00,144.89,-,1,-,Bangladesh
84,Kamran Akmal,2007-2007,7,5,2,44,16,14.66,112.82,-,-,1,Pakistan
85,KD Karthik,2007-2007,4,3,0,28,17,9.33,127.27,-,-,1,India
86,JM Kemp,2007-2007,5,5,3,173,89*,86.50,139.51,-,1,-,South Africa
87,B Lee,2007-2007,6,3,1,17,13,8.50,141.66,-,-,-,Australia
88,BB McCullum,2007-2007,6,6,1,139,45,27.80,121.92,-,-,-,New Zealand
89,NL McCullum,2007-2007,1,1,0,1,1,1.00,25.00,-,-,-,New Zealand
90,CD McMillan,2007-2007,6,5,1,163,57,40.75,181.11,-,1,-,New Zealand
91,DL Maddy,2007-2007,4,4,0,113,50,28.25,141.25,-,1,-,England
92,MF Maharoof,2007-2007,2,1,0,-,0,0.00,0.00,-,-,1,Sri Lanka
93,Mahmudullah,2007-2007,2,2,0,17,16,8.50,100.00,-,-,-,Bangladesh
94,SL Malinga,2007-2007,5,2,1,13,12*,13.00,108.33,-,-,-,Sri Lanka
95,CS Martin,2007-2007,4,-,0,-,-,-,0.00,-,-,-,New Zealand
96,AD Mascarenhas,2007-2007,5,5,2,19,15*,6.33,111.76,-,-,2,England
97,Mashrafe Mortaza,2007-2007,5,4,0,35,12,8.75,100.00,-,-,1,Bangladesh
98,Misbah-ul-Haq,2007-2007,7,7,3,218,66*,54.50,139.74,-,2,-,Pakistan
99,Mohammad Ashraful,2007-2007,5,5,0,87,61,17.40,181.25,-,1,-,Bangladesh
100,Mohammad Asif,2007-2007,7,1,1,4,4*,-,400.00,-,-,-,Pakistan
101,Mohammad Hafeez,2007-2007,6,6,0,99,32,16.50,126.92,-,-,-,Pakistan
102,JA Morkel,2007-2007,5,3,0,120,43,40.00,139.53,-,-,-,South Africa
103,M Morkel,2007-2007,5,1,1,1,1*,-,33.33,-,-,-,South Africa
104,J Mubarak,2007-2007,5,4,2,105,46*,52.50,169.35,-,-,1,Sri Lanka
105,Mushfiqur Rahim,2007-2007,5,4,2,14,6*,7.00,77.77,-,-,-,Bangladesh
106,Nadif Chowdhury,2007-2007,2,2,0,17,12,8.50,106.25,-,-,-,Bangladesh
107,Nazimuddin,2007-2007,4,4,0,12,11,3.00,52.17,-,-,2,Bangladesh
108,A Nel,2007-2007,1,-,0,-,-,-,0.00,-,-,-,South Africa
109,M Ntini,2007-2007,4,1,1,4,4*,-,200.00,-,-,-,South Africa
110,JDP Oram,2007-2007,6,5,1,92,35,23.00,155.93,-,-,-,New Zealand
111,JS Patel,2007-2007,2,2,1,-,0*,0.00,0.00,-,-,1,New Zealand
112,IK Pathan,2007-2007,7,6,4,34,20,17.00,113.33,-,-,-,India
113,YK Pathan,2007-2007,1,1,0,15,15,15.00,187.50,-,-,-,India
114,VD Philander,2007-2007,5,2,0,8,6,4.00,66.66,-,-,-,South Africa
115,KP Pietersen,2007-2007,5,5,0,178,79,35.60,161.81,-,1,-,England
116,SM Pollock,2007-2007,5,3,1,16,16*,8.00,123.07,-,-,2,South Africa
117,RT Ponting,2007-2007,4,4,1,61,27,20.33,93.84,-,-,-,Australia
118,Salman Butt,2007-2007,5,5,0,74,21,14.80,70.47,-,-,-,Pakistan
119,KC Sangakkara,2007-2007,5,5,0,104,30,20.80,105.05,-,-,-,Sri Lanka
120,CP Schofield,2007-2007,4,4,3,24,9*,24.00,120.00,-,-,-,England
121,V Sehwag,2007-2007,6,5,0,133,68,26.60,138.54,-,1,-,India
122,OA Shah,2007-2007,5,5,0,103,36,20.60,127.16,-,-,-,England
123,Shahid Afridi,2007-2007,7,6,0,91,39,15.16,197.82,-,-,1,Pakistan
124,Shakib Al Hasan,2007-2007,5,5,0,67,19,13.40,119.64,-,-,-,Bangladesh
125,RG Sharma,2007-2007,4,3,3,88,50*,-,144.26,-,1,-,India
126,Shoaib Malik,2007-2007,7,7,2,195,57,39.00,126.62,-,2,-,Pakistan
127,LPC Silva,2007-2007,5,5,1,70,38,17.50,114.75,-,-,-,Sri Lanka
128,RP Singh,2007-2007,7,1,1,1,1*,-,100.00,-,-,-,India
129,GC Smith,2007-2007,5,5,0,94,41,18.80,120.51,-,-,-,South Africa
130,Sohail Tanvir,2007-2007,6,1,0,12,12,12.00,300.00,-,-,-,Pakistan
131,VS Solanki,2007-2007,2,2,0,67,43,33.50,119.64,-,-,-,England
132,S Sreesanth,2007-2007,7,2,2,20,19*,-,153.84,-,-,-,India
133,SB Styris,2007-2007,6,5,0,70,42,14.00,118.64,-,-,-,New Zealand
134,Syed Rasel,2007-2007,5,3,1,7,6,3.50,77.77,-,-,-,Bangladesh
135,A Symonds,2007-2007,6,4,1,107,43,35.66,150.70,-,-,-,Australia
136,Tamim Iqbal,2007-2007,5,5,0,56,32,11.20,71.79,-,-,-,Bangladesh
137,LRPL Taylor,2007-2007,6,5,1,118,62,29.50,137.20,-,1,-,New Zealand
138,WU Tharanga,2007-2007,5,5,0,74,37,14.80,123.33,-,-,1,Sri Lanka
139,CT Tremlett,2007-2007,1,-,0,-,-,-,0.00,-,-,-,England
140,Umar Gul,2007-2007,7,2,1,-,0*,0.00,0.00,-,-,1,Pakistan
141,RV Uthappa,2007-2007,7,6,0,113,50,18.83,113.00,-,1,1,India
142,WPUJC Vaas,2007-2007,5,2,1,33,21,33.00,80.48,-,-,-,Sri Lanka
143,JJ van der Wath,2007-2007,5,2,1,11,9*,11.00,100.00,-,-,-,South Africa
144,DL Vettori,2007-2007,6,5,1,36,17*,9.00,180.00,-,-,1,New Zealand
145,L Vincent,2007-2007,6,6,0,117,32,19.50,100.86,-,-,-,New Zealand
146,SR Watson,2007-2007,1,-,0,-,-,-,0.00,-,-,-,Australia
147,G Wijekoon,2007-2007,3,2,1,1,1*,1.00,20.00,-,-,1,Sri Lanka
148,LJ Wright,2007-2007,5,5,0,43,24,8.60,116.21,-,-,2,England
149,Yasir Arafat,2007-2007,3,3,1,44,17,22.00,183.33,-,-,-,Pakistan
150,Younis Khan,2007-2007,7,7,0,127,51,18.14,107.62,-,1,-,Pakistan
151,Yuvraj Singh,2007-2007,6,5,0,148,70,29.60,194.73,-,2,-,India
